{
  "Version": 1,
  "WorkspaceRootPath": "C:\\Users\\User\\Downloads\\khono\\khono\\",
  "Documents": [
    {
      "AbsoluteMoniker": "D:0:0:{A2FE74E1-B743-11D0-AE1A-00A0C90FFFC3}|\u003CMiscFiles\u003E|C:\\Users\\User\\Downloads\\khono\\khono\\lib\\main.dart||{8B382828-6202-11D1-8870-0000F87579D2}",
      "RelativeMoniker": "D:0:0:{A2FE74E1-B743-11D0-AE1A-00A0C90FFFC3}|\u003CMiscFiles\u003E|solutionrelative:lib\\main.dart||{8B382828-6202-11D1-8870-0000F87579D2}"
    }
  ],
  "DocumentGroupContainers": [
    {
      "Orientation": 0,
      "VerticalTabListWidth": 256,
      "DocumentGroups": [
        {
          "DockedWidth": 200,
          "SelectedChildIndex": 0,
          "Children": [
            {
              "$type": "Document",
              "DocumentIndex": 0,
              "Title": "main.dart",
              "DocumentMoniker": "C:\\Users\\User\\Downloads\\khono\\khono\\lib\\main.dart",
              "RelativeDocumentMoniker": "lib\\main.dart",
              "ToolTip": "C:\\Users\\User\\Downloads\\khono\\khono\\lib\\main.dart",
              "RelativeToolTip": "lib\\main.dart",
              "ViewState": "AgIAAAAAAAAAAAAAAAAAAAQAAAA3AAAAAAAAAA==",
              "Icon": "ae27a6b0-e345-4288-96df-5eaf394ee369.001001|",
              "WhenOpened": "2025-08-29T13:58:20.019Z",
              "EditorCaption": ""
            }
          ]
        }
      ]
    }
  ]
}