{
  "roots": [
    "khono"
  ],
  "packages": [
    {
      "name": "khono",
      "version": "1.0.0+1",
      "dependencies": [
        "auto_size_text",
        "cached_network_image",
        "cached_network_image_platform_interface",
        "cached_network_image_web",
        "cloud_firestore",
        "collection",
        "connectivity_plus",
        "cupertino_icons",
        "dio",
        "file_picker",
        "firebase_analytics",
        "firebase_auth",
        "firebase_core",
        "firebase_messaging",
        "firebase_storage",
        "flutter",
        "flutter_animate",
        "flutter_cache_manager",
        "flutter_localizations",
        "flutter_riverpod",
        "flutter_web_plugins",
        "font_awesome_flutter",
        "from_css_color",
        "go_router",
        "google_fonts",
        "image_picker",
        "intl",
        "json_path",
        "page_transition",
        "path_provider",
        "path_provider_android",
        "path_provider_foundation",
        "path_provider_linux",
        "path_provider_platform_interface",
        "path_provider_windows",
        "permission_handler",
        "provider",
        "riverpod",
        "shared_preferences",
        "shared_preferences_android",
        "shared_preferences_foundation",
        "shared_preferences_linux",
        "shared_preferences_platform_interface",
        "shared_preferences_web",
        "shared_preferences_windows",
        "sqflite",
        "sqflite_common",
        "timeago",
        "url_launcher",
        "url_launcher_android",
        "url_launcher_ios",
        "url_launcher_linux",
        "url_launcher_macos",
        "url_launcher_platform_interface",
        "url_launcher_web",
        "url_launcher_windows"
      ],
      "devDependencies": [
        "flutter_lints",
        "flutter_test",
        "lints"
      ]
    },
    {
      "name": "uuid",
      "version": "4.5.1",
      "dependencies": [
        "crypto",
        "fixnum",
        "meta",
        "sprintf"
      ]
    },
    {
      "name": "http",
      "version": "1.4.0",
      "dependencies": [
        "async",
        "http_parser",
        "meta",
        "web"
      ]
    },
    {
      "name": "flutter_test",
      "version": "0.0.0",
      "dependencies": [
        "clock",
        "collection",
        "fake_async",
        "flutter",
        "leak_tracker_flutter_testing",
        "matcher",
        "meta",
        "path",
        "stack_trace",
        "stream_channel",
        "test_api",
        "vector_math"
      ]
    },
    {
      "name": "lints",
      "version": "4.0.0",
      "dependencies": []
    },
    {
      "name": "flutter_lints",
      "version": "4.0.0",
      "dependencies": [
        "lints"
      ]
    },
    {
      "name": "permission_handler",
      "version": "11.4.0",
      "dependencies": [
        "flutter",
        "meta",
        "permission_handler_android",
        "permission_handler_apple",
        "permission_handler_html",
        "permission_handler_platform_interface",
        "permission_handler_windows"
      ]
    },
    {
      "name": "file_picker",
      "version": "6.2.1",
      "dependencies": [
        "ffi",
        "flutter",
        "flutter_plugin_android_lifecycle",
        "flutter_web_plugins",
        "path",
        "plugin_platform_interface",
        "win32"
      ]
    },
    {
      "name": "image_picker",
      "version": "1.2.0",
      "dependencies": [
        "flutter",
        "image_picker_android",
        "image_picker_for_web",
        "image_picker_ios",
        "image_picker_linux",
        "image_picker_macos",
        "image_picker_platform_interface",
        "image_picker_windows"
      ]
    },
    {
      "name": "connectivity_plus",
      "version": "5.0.2",
      "dependencies": [
        "connectivity_plus_platform_interface",
        "flutter",
        "flutter_web_plugins",
        "js",
        "meta",
        "nm"
      ]
    },
    {
      "name": "dio",
      "version": "5.9.0",
      "dependencies": [
        "async",
        "collection",
        "dio_web_adapter",
        "http_parser",
        "meta",
        "mime",
        "path"
      ]
    },
    {
      "name": "firebase_analytics",
      "version": "10.10.7",
      "dependencies": [
        "firebase_analytics_platform_interface",
        "firebase_analytics_web",
        "firebase_core",
        "firebase_core_platform_interface",
        "flutter"
      ]
    },
    {
      "name": "firebase_messaging",
      "version": "14.7.10",
      "dependencies": [
        "firebase_core",
        "firebase_core_platform_interface",
        "firebase_messaging_platform_interface",
        "firebase_messaging_web",
        "flutter",
        "meta"
      ]
    },
    {
      "name": "firebase_storage",
      "version": "11.6.5",
      "dependencies": [
        "firebase_core",
        "firebase_core_platform_interface",
        "firebase_storage_platform_interface",
        "firebase_storage_web",
        "flutter"
      ]
    },
    {
      "name": "cloud_firestore",
      "version": "4.17.5",
      "dependencies": [
        "cloud_firestore_platform_interface",
        "cloud_firestore_web",
        "collection",
        "firebase_core",
        "firebase_core_platform_interface",
        "flutter",
        "meta"
      ]
    },
    {
      "name": "firebase_auth",
      "version": "4.16.0",
      "dependencies": [
        "firebase_auth_platform_interface",
        "firebase_auth_web",
        "firebase_core",
        "firebase_core_platform_interface",
        "flutter",
        "meta"
      ]
    },
    {
      "name": "firebase_core",
      "version": "2.32.0",
      "dependencies": [
        "firebase_core_platform_interface",
        "firebase_core_web",
        "flutter",
        "meta"
      ]
    },
    {
      "name": "flutter_riverpod",
      "version": "2.6.1",
      "dependencies": [
        "collection",
        "flutter",
        "meta",
        "riverpod",
        "state_notifier"
      ]
    },
    {
      "name": "riverpod",
      "version": "2.6.1",
      "dependencies": [
        "collection",
        "meta",
        "stack_trace",
        "state_notifier"
      ]
    },
    {
      "name": "cupertino_icons",
      "version": "1.0.8",
      "dependencies": []
    },
    {
      "name": "url_launcher_windows",
      "version": "3.1.4",
      "dependencies": [
        "flutter",
        "url_launcher_platform_interface"
      ]
    },
    {
      "name": "url_launcher_web",
      "version": "2.4.1",
      "dependencies": [
        "flutter",
        "flutter_web_plugins",
        "url_launcher_platform_interface",
        "web"
      ]
    },
    {
      "name": "url_launcher_platform_interface",
      "version": "2.3.2",
      "dependencies": [
        "flutter",
        "plugin_platform_interface"
      ]
    },
    {
      "name": "url_launcher_macos",
      "version": "3.2.2",
      "dependencies": [
        "flutter",
        "url_launcher_platform_interface"
      ]
    },
    {
      "name": "url_launcher_linux",
      "version": "3.2.1",
      "dependencies": [
        "flutter",
        "url_launcher_platform_interface"
      ]
    },
    {
      "name": "url_launcher_ios",
      "version": "6.3.3",
      "dependencies": [
        "flutter",
        "url_launcher_platform_interface"
      ]
    },
    {
      "name": "url_launcher_android",
      "version": "6.3.16",
      "dependencies": [
        "flutter",
        "url_launcher_platform_interface"
      ]
    },
    {
      "name": "url_launcher",
      "version": "6.3.1",
      "dependencies": [
        "flutter",
        "url_launcher_android",
        "url_launcher_ios",
        "url_launcher_linux",
        "url_launcher_macos",
        "url_launcher_platform_interface",
        "url_launcher_web",
        "url_launcher_windows"
      ]
    },
    {
      "name": "timeago",
      "version": "3.7.1",
      "dependencies": [
        "intl"
      ]
    },
    {
      "name": "sqflite_common",
      "version": "2.5.4+3",
      "dependencies": [
        "meta",
        "path",
        "synchronized"
      ]
    },
    {
      "name": "sqflite",
      "version": "2.3.3+1",
      "dependencies": [
        "flutter",
        "path",
        "sqflite_common"
      ]
    },
    {
      "name": "shared_preferences_windows",
      "version": "2.4.1",
      "dependencies": [
        "file",
        "flutter",
        "path",
        "path_provider_platform_interface",
        "path_provider_windows",
        "shared_preferences_platform_interface"
      ]
    },
    {
      "name": "shared_preferences_web",
      "version": "2.4.3",
      "dependencies": [
        "flutter",
        "flutter_web_plugins",
        "shared_preferences_platform_interface",
        "web"
      ]
    },
    {
      "name": "shared_preferences_platform_interface",
      "version": "2.4.1",
      "dependencies": [
        "flutter",
        "plugin_platform_interface"
      ]
    },
    {
      "name": "shared_preferences_linux",
      "version": "2.4.1",
      "dependencies": [
        "file",
        "flutter",
        "path",
        "path_provider_linux",
        "path_provider_platform_interface",
        "shared_preferences_platform_interface"
      ]
    },
    {
      "name": "shared_preferences_foundation",
      "version": "2.5.4",
      "dependencies": [
        "flutter",
        "shared_preferences_platform_interface"
      ]
    },
    {
      "name": "shared_preferences_android",
      "version": "2.4.10",
      "dependencies": [
        "flutter",
        "shared_preferences_platform_interface"
      ]
    },
    {
      "name": "shared_preferences",
      "version": "2.5.3",
      "dependencies": [
        "flutter",
        "shared_preferences_android",
        "shared_preferences_foundation",
        "shared_preferences_linux",
        "shared_preferences_platform_interface",
        "shared_preferences_web",
        "shared_preferences_windows"
      ]
    },
    {
      "name": "provider",
      "version": "6.1.5",
      "dependencies": [
        "collection",
        "flutter",
        "nested"
      ]
    },
    {
      "name": "path_provider_windows",
      "version": "2.3.0",
      "dependencies": [
        "ffi",
        "flutter",
        "path",
        "path_provider_platform_interface"
      ]
    },
    {
      "name": "path_provider_platform_interface",
      "version": "2.1.2",
      "dependencies": [
        "flutter",
        "platform",
        "plugin_platform_interface"
      ]
    },
    {
      "name": "path_provider_linux",
      "version": "2.2.1",
      "dependencies": [
        "ffi",
        "flutter",
        "path",
        "path_provider_platform_interface",
        "xdg_directories"
      ]
    },
    {
      "name": "path_provider_foundation",
      "version": "2.4.0",
      "dependencies": [
        "flutter",
        "path_provider_platform_interface"
      ]
    },
    {
      "name": "path_provider_android",
      "version": "2.2.10",
      "dependencies": [
        "flutter",
        "path_provider_platform_interface"
      ]
    },
    {
      "name": "path_provider",
      "version": "2.1.4",
      "dependencies": [
        "flutter",
        "path_provider_android",
        "path_provider_foundation",
        "path_provider_linux",
        "path_provider_platform_interface",
        "path_provider_windows"
      ]
    },
    {
      "name": "page_transition",
      "version": "2.1.0",
      "dependencies": [
        "flutter"
      ]
    },
    {
      "name": "json_path",
      "version": "0.7.2",
      "dependencies": [
        "iregexp",
        "maybe_just_nothing",
        "petitparser",
        "rfc_6901"
      ]
    },
    {
      "name": "intl",
      "version": "0.20.2",
      "dependencies": [
        "clock",
        "meta",
        "path"
      ]
    },
    {
      "name": "google_fonts",
      "version": "6.1.0",
      "dependencies": [
        "crypto",
        "flutter",
        "http",
        "path_provider"
      ]
    },
    {
      "name": "go_router",
      "version": "12.1.3",
      "dependencies": [
        "collection",
        "flutter",
        "flutter_web_plugins",
        "logging",
        "meta"
      ]
    },
    {
      "name": "from_css_color",
      "version": "2.0.0",
      "dependencies": [
        "flutter"
      ]
    },
    {
      "name": "font_awesome_flutter",
      "version": "10.7.0",
      "dependencies": [
        "flutter"
      ]
    },
    {
      "name": "flutter_cache_manager",
      "version": "3.4.1",
      "dependencies": [
        "clock",
        "collection",
        "file",
        "flutter",
        "http",
        "path",
        "path_provider",
        "rxdart",
        "sqflite",
        "uuid"
      ]
    },
    {
      "name": "flutter_animate",
      "version": "4.5.0",
      "dependencies": [
        "flutter",
        "flutter_shaders"
      ]
    },
    {
      "name": "collection",
      "version": "1.19.1",
      "dependencies": []
    },
    {
      "name": "cached_network_image_web",
      "version": "1.3.1",
      "dependencies": [
        "cached_network_image_platform_interface",
        "flutter",
        "flutter_cache_manager",
        "web"
      ]
    },
    {
      "name": "cached_network_image_platform_interface",
      "version": "4.1.1",
      "dependencies": [
        "flutter",
        "flutter_cache_manager"
      ]
    },
    {
      "name": "cached_network_image",
      "version": "3.4.1",
      "dependencies": [
        "cached_network_image_platform_interface",
        "cached_network_image_web",
        "flutter",
        "flutter_cache_manager",
        "octo_image"
      ]
    },
    {
      "name": "auto_size_text",
      "version": "3.0.0",
      "dependencies": [
        "flutter"
      ]
    },
    {
      "name": "flutter_web_plugins",
      "version": "0.0.0",
      "dependencies": [
        "flutter"
      ]
    },
    {
      "name": "flutter_localizations",
      "version": "0.0.0",
      "dependencies": [
        "flutter",
        "intl",
        "path"
      ]
    },
    {
      "name": "flutter",
      "version": "0.0.0",
      "dependencies": [
        "characters",
        "collection",
        "material_color_utilities",
        "meta",
        "sky_engine",
        "vector_math"
      ]
    },
    {
      "name": "fixnum",
      "version": "1.1.1",
      "dependencies": []
    },
    {
      "name": "meta",
      "version": "1.16.0",
      "dependencies": []
    },
    {
      "name": "sprintf",
      "version": "7.0.0",
      "dependencies": []
    },
    {
      "name": "crypto",
      "version": "3.0.6",
      "dependencies": [
        "typed_data"
      ]
    },
    {
      "name": "web",
      "version": "1.1.1",
      "dependencies": []
    },
    {
      "name": "http_parser",
      "version": "4.1.2",
      "dependencies": [
        "collection",
        "source_span",
        "string_scanner",
        "typed_data"
      ]
    },
    {
      "name": "async",
      "version": "2.13.0",
      "dependencies": [
        "collection",
        "meta"
      ]
    },
    {
      "name": "stream_channel",
      "version": "2.1.4",
      "dependencies": [
        "async"
      ]
    },
    {
      "name": "leak_tracker_flutter_testing",
      "version": "3.0.10",
      "dependencies": [
        "flutter",
        "leak_tracker",
        "leak_tracker_testing",
        "matcher",
        "meta"
      ]
    },
    {
      "name": "vector_math",
      "version": "2.2.0",
      "dependencies": []
    },
    {
      "name": "stack_trace",
      "version": "1.12.1",
      "dependencies": [
        "path"
      ]
    },
    {
      "name": "clock",
      "version": "1.1.2",
      "dependencies": []
    },
    {
      "name": "fake_async",
      "version": "1.3.3",
      "dependencies": [
        "clock",
        "collection"
      ]
    },
    {
      "name": "path",
      "version": "1.9.1",
      "dependencies": []
    },
    {
      "name": "matcher",
      "version": "0.12.17",
      "dependencies": [
        "async",
        "meta",
        "stack_trace",
        "term_glyph",
        "test_api"
      ]
    },
    {
      "name": "test_api",
      "version": "0.7.6",
      "dependencies": [
        "async",
        "boolean_selector",
        "collection",
        "meta",
        "source_span",
        "stack_trace",
        "stream_channel",
        "string_scanner",
        "term_glyph"
      ]
    },
    {
      "name": "permission_handler_platform_interface",
      "version": "4.3.0",
      "dependencies": [
        "flutter",
        "meta",
        "plugin_platform_interface"
      ]
    },
    {
      "name": "permission_handler_windows",
      "version": "0.2.1",
      "dependencies": [
        "flutter",
        "permission_handler_platform_interface"
      ]
    },
    {
      "name": "permission_handler_html",
      "version": "0.1.3+5",
      "dependencies": [
        "flutter",
        "flutter_web_plugins",
        "permission_handler_platform_interface",
        "web"
      ]
    },
    {
      "name": "permission_handler_apple",
      "version": "9.4.7",
      "dependencies": [
        "flutter",
        "permission_handler_platform_interface"
      ]
    },
    {
      "name": "permission_handler_android",
      "version": "12.1.0",
      "dependencies": [
        "flutter",
        "permission_handler_platform_interface"
      ]
    },
    {
      "name": "win32",
      "version": "5.14.0",
      "dependencies": [
        "ffi"
      ]
    },
    {
      "name": "ffi",
      "version": "2.1.4",
      "dependencies": []
    },
    {
      "name": "plugin_platform_interface",
      "version": "2.1.8",
      "dependencies": [
        "meta"
      ]
    },
    {
      "name": "flutter_plugin_android_lifecycle",
      "version": "2.0.30",
      "dependencies": [
        "flutter"
      ]
    },
    {
      "name": "image_picker_windows",
      "version": "0.2.2",
      "dependencies": [
        "file_selector_platform_interface",
        "file_selector_windows",
        "flutter",
        "image_picker_platform_interface"
      ]
    },
    {
      "name": "image_picker_platform_interface",
      "version": "2.11.0",
      "dependencies": [
        "cross_file",
        "flutter",
        "http",
        "plugin_platform_interface"
      ]
    },
    {
      "name": "image_picker_macos",
      "version": "0.2.2",
      "dependencies": [
        "file_selector_macos",
        "file_selector_platform_interface",
        "flutter",
        "image_picker_platform_interface"
      ]
    },
    {
      "name": "image_picker_linux",
      "version": "0.2.2",
      "dependencies": [
        "file_selector_linux",
        "file_selector_platform_interface",
        "flutter",
        "image_picker_platform_interface"
      ]
    },
    {
      "name": "image_picker_ios",
      "version": "0.8.13",
      "dependencies": [
        "flutter",
        "image_picker_platform_interface"
      ]
    },
    {
      "name": "image_picker_for_web",
      "version": "3.1.0",
      "dependencies": [
        "flutter",
        "flutter_web_plugins",
        "image_picker_platform_interface",
        "mime",
        "web"
      ]
    },
    {
      "name": "image_picker_android",
      "version": "0.8.13+1",
      "dependencies": [
        "flutter",
        "flutter_plugin_android_lifecycle",
        "image_picker_platform_interface"
      ]
    },
    {
      "name": "nm",
      "version": "0.5.0",
      "dependencies": [
        "dbus"
      ]
    },
    {
      "name": "js",
      "version": "0.6.7",
      "dependencies": [
        "meta"
      ]
    },
    {
      "name": "connectivity_plus_platform_interface",
      "version": "1.2.4",
      "dependencies": [
        "flutter",
        "meta",
        "plugin_platform_interface"
      ]
    },
    {
      "name": "dio_web_adapter",
      "version": "2.1.1",
      "dependencies": [
        "dio",
        "http_parser",
        "meta",
        "web"
      ]
    },
    {
      "name": "mime",
      "version": "2.0.0",
      "dependencies": []
    },
    {
      "name": "firebase_core_platform_interface",
      "version": "5.4.2",
      "dependencies": [
        "collection",
        "flutter",
        "flutter_test",
        "meta",
        "plugin_platform_interface"
      ]
    },
    {
      "name": "firebase_analytics_web",
      "version": "0.5.7+7",
      "dependencies": [
        "_flutterfire_internals",
        "firebase_analytics_platform_interface",
        "firebase_core",
        "firebase_core_web",
        "flutter",
        "flutter_web_plugins"
      ]
    },
    {
      "name": "firebase_analytics_platform_interface",
      "version": "3.10.8",
      "dependencies": [
        "_flutterfire_internals",
        "firebase_core",
        "flutter",
        "meta",
        "plugin_platform_interface"
      ]
    },
    {
      "name": "firebase_messaging_web",
      "version": "3.5.18",
      "dependencies": [
        "_flutterfire_internals",
        "firebase_core",
        "firebase_core_web",
        "firebase_messaging_platform_interface",
        "flutter",
        "flutter_web_plugins",
        "js",
        "meta"
      ]
    },
    {
      "name": "firebase_messaging_platform_interface",
      "version": "4.5.37",
      "dependencies": [
        "_flutterfire_internals",
        "firebase_core",
        "flutter",
        "meta",
        "plugin_platform_interface"
      ]
    },
    {
      "name": "firebase_storage_web",
      "version": "3.6.22",
      "dependencies": [
        "_flutterfire_internals",
        "async",
        "firebase_core",
        "firebase_core_web",
        "firebase_storage_platform_interface",
        "flutter",
        "flutter_web_plugins",
        "http",
        "js",
        "meta"
      ]
    },
    {
      "name": "firebase_storage_platform_interface",
      "version": "5.1.22",
      "dependencies": [
        "_flutterfire_internals",
        "collection",
        "firebase_core",
        "flutter",
        "meta",
        "plugin_platform_interface"
      ]
    },
    {
      "name": "cloud_firestore_web",
      "version": "3.12.5",
      "dependencies": [
        "_flutterfire_internals",
        "cloud_firestore_platform_interface",
        "collection",
        "firebase_core",
        "firebase_core_web",
        "flutter",
        "flutter_web_plugins"
      ]
    },
    {
      "name": "cloud_firestore_platform_interface",
      "version": "6.2.5",
      "dependencies": [
        "_flutterfire_internals",
        "collection",
        "firebase_core",
        "flutter",
        "meta",
        "plugin_platform_interface"
      ]
    },
    {
      "name": "firebase_auth_web",
      "version": "5.8.13",
      "dependencies": [
        "firebase_auth_platform_interface",
        "firebase_core",
        "firebase_core_web",
        "flutter",
        "flutter_web_plugins",
        "http_parser",
        "js",
        "meta"
      ]
    },
    {
      "name": "firebase_auth_platform_interface",
      "version": "7.3.0",
      "dependencies": [
        "_flutterfire_internals",
        "collection",
        "firebase_core",
        "flutter",
        "meta",
        "plugin_platform_interface"
      ]
    },
    {
      "name": "firebase_core_web",
      "version": "2.24.0",
      "dependencies": [
        "firebase_core_platform_interface",
        "flutter",
        "flutter_web_plugins",
        "meta",
        "web"
      ]
    },
    {
      "name": "state_notifier",
      "version": "1.0.0",
      "dependencies": [
        "meta"
      ]
    },
    {
      "name": "synchronized",
      "version": "3.4.0",
      "dependencies": []
    },
    {
      "name": "file",
      "version": "7.0.1",
      "dependencies": [
        "meta",
        "path"
      ]
    },
    {
      "name": "nested",
      "version": "1.0.0",
      "dependencies": [
        "flutter"
      ]
    },
    {
      "name": "platform",
      "version": "3.1.6",
      "dependencies": []
    },
    {
      "name": "xdg_directories",
      "version": "1.1.0",
      "dependencies": [
        "meta",
        "path"
      ]
    },
    {
      "name": "rfc_6901",
      "version": "0.2.0",
      "dependencies": []
    },
    {
      "name": "petitparser",
      "version": "6.1.0",
      "dependencies": [
        "collection",
        "meta"
      ]
    },
    {
      "name": "maybe_just_nothing",
      "version": "0.5.3",
      "dependencies": []
    },
    {
      "name": "iregexp",
      "version": "0.1.2",
      "dependencies": [
        "petitparser"
      ]
    },
    {
      "name": "logging",
      "version": "1.3.0",
      "dependencies": []
    },
    {
      "name": "rxdart",
      "version": "0.28.0",
      "dependencies": []
    },
    {
      "name": "flutter_shaders",
      "version": "0.1.3",
      "dependencies": [
        "flutter",
        "vector_math"
      ]
    },
    {
      "name": "octo_image",
      "version": "2.1.0",
      "dependencies": [
        "flutter"
      ]
    },
    {
      "name": "sky_engine",
      "version": "0.0.0",
      "dependencies": []
    },
    {
      "name": "material_color_utilities",
      "version": "0.11.1",
      "dependencies": [
        "collection"
      ]
    },
    {
      "name": "characters",
      "version": "1.4.0",
      "dependencies": []
    },
    {
      "name": "typed_data",
      "version": "1.4.0",
      "dependencies": [
        "collection"
      ]
    },
    {
      "name": "string_scanner",
      "version": "1.4.1",
      "dependencies": [
        "source_span"
      ]
    },
    {
      "name": "source_span",
      "version": "1.10.1",
      "dependencies": [
        "collection",
        "path",
        "term_glyph"
      ]
    },
    {
      "name": "leak_tracker_testing",
      "version": "3.0.2",
      "dependencies": [
        "leak_tracker",
        "matcher",
        "meta"
      ]
    },
    {
      "name": "leak_tracker",
      "version": "11.0.1",
      "dependencies": [
        "clock",
        "collection",
        "meta",
        "path",
        "vm_service"
      ]
    },
    {
      "name": "term_glyph",
      "version": "1.2.2",
      "dependencies": []
    },
    {
      "name": "boolean_selector",
      "version": "2.1.2",
      "dependencies": [
        "source_span",
        "string_scanner"
      ]
    },
    {
      "name": "file_selector_windows",
      "version": "0.9.3+4",
      "dependencies": [
        "cross_file",
        "file_selector_platform_interface",
        "flutter"
      ]
    },
    {
      "name": "file_selector_platform_interface",
      "version": "2.6.2",
      "dependencies": [
        "cross_file",
        "flutter",
        "http",
        "plugin_platform_interface"
      ]
    },
    {
      "name": "cross_file",
      "version": "0.3.4+2",
      "dependencies": [
        "meta",
        "web"
      ]
    },
    {
      "name": "file_selector_macos",
      "version": "0.9.4+4",
      "dependencies": [
        "cross_file",
        "file_selector_platform_interface",
        "flutter"
      ]
    },
    {
      "name": "file_selector_linux",
      "version": "0.9.3+2",
      "dependencies": [
        "cross_file",
        "file_selector_platform_interface",
        "flutter"
      ]
    },
    {
      "name": "dbus",
      "version": "0.7.11",
      "dependencies": [
        "args",
        "ffi",
        "meta",
        "xml"
      ]
    },
    {
      "name": "_flutterfire_internals",
      "version": "1.3.35",
      "dependencies": [
        "collection",
        "firebase_core",
        "firebase_core_platform_interface",
        "flutter",
        "meta"
      ]
    },
    {
      "name": "vm_service",
      "version": "15.0.2",
      "dependencies": []
    },
    {
      "name": "xml",
      "version": "6.5.0",
      "dependencies": [
        "collection",
        "meta",
        "petitparser"
      ]
    },
    {
      "name": "args",
      "version": "2.7.0",
      "dependencies": []
    }
  ],
  "configVersion": 1
}