{
  "configVersion": 2,
  "packages": [
    {
      "name": "_flutterfire_internals",
      "rootUri": "file:///C:/Users/User/AppData/Local/Pub/Cache/hosted/pub.dev/_flutterfire_internals-1.3.35",
      "packageUri": "lib/",
      "languageVersion": "3.2"
    },
    {
      "name": "args",
      "rootUri": "file:///C:/Users/User/AppData/Local/Pub/Cache/hosted/pub.dev/args-2.7.0",
      "packageUri": "lib/",
      "languageVersion": "3.3"
    },
    {
      "name": "async",
      "rootUri": "file:///C:/Users/User/AppData/Local/Pub/Cache/hosted/pub.dev/async-2.13.0",
      "packageUri": "lib/",
      "languageVersion": "3.4"
    },
    {
      "name": "auto_size_text",
      "rootUri": "file:///C:/Users/User/AppData/Local/Pub/Cache/hosted/pub.dev/auto_size_text-3.0.0",
      "packageUri": "lib/",
      "languageVersion": "2.12"
    },
    {
      "name": "boolean_selector",
      "rootUri": "file:///C:/Users/User/AppData/Local/Pub/Cache/hosted/pub.dev/boolean_selector-2.1.2",
      "packageUri": "lib/",
      "languageVersion": "3.1"
    },
    {
      "name": "cached_network_image",
      "rootUri": "file:///C:/Users/User/AppData/Local/Pub/Cache/hosted/pub.dev/cached_network_image-3.4.1",
      "packageUri": "lib/",
      "languageVersion": "3.0"
    },
    {
      "name": "cached_network_image_platform_interface",
      "rootUri": "file:///C:/Users/User/AppData/Local/Pub/Cache/hosted/pub.dev/cached_network_image_platform_interface-4.1.1",
      "packageUri": "lib/",
      "languageVersion": "3.0"
    },
    {
      "name": "cached_network_image_web",
      "rootUri": "file:///C:/Users/User/AppData/Local/Pub/Cache/hosted/pub.dev/cached_network_image_web-1.3.1",
      "packageUri": "lib/",
      "languageVersion": "3.0"
    },
    {
      "name": "characters",
      "rootUri": "file:///C:/Users/User/AppData/Local/Pub/Cache/hosted/pub.dev/characters-1.4.0",
      "packageUri": "lib/",
      "languageVersion": "3.4"
    },
    {
      "name": "clock",
      "rootUri": "file:///C:/Users/User/AppData/Local/Pub/Cache/hosted/pub.dev/clock-1.1.2",
      "packageUri": "lib/",
      "languageVersion": "3.4"
    },
    {
      "name": "cloud_firestore",
      "rootUri": "file:///C:/Users/User/AppData/Local/Pub/Cache/hosted/pub.dev/cloud_firestore-4.17.5",
      "packageUri": "lib/",
      "languageVersion": "2.18"
    },
    {
      "name": "cloud_firestore_platform_interface",
      "rootUri": "file:///C:/Users/User/AppData/Local/Pub/Cache/hosted/pub.dev/cloud_firestore_platform_interface-6.2.5",
      "packageUri": "lib/",
      "languageVersion": "2.18"
    },
    {
      "name": "cloud_firestore_web",
      "rootUri": "file:///C:/Users/User/AppData/Local/Pub/Cache/hosted/pub.dev/cloud_firestore_web-3.12.5",
      "packageUri": "lib/",
      "languageVersion": "3.2"
    },
    {
      "name": "collection",
      "rootUri": "file:///C:/Users/User/AppData/Local/Pub/Cache/hosted/pub.dev/collection-1.19.1",
      "packageUri": "lib/",
      "languageVersion": "3.4"
    },
    {
      "name": "connectivity_plus",
      "rootUri": "file:///C:/Users/User/AppData/Local/Pub/Cache/hosted/pub.dev/connectivity_plus-5.0.2",
      "packageUri": "lib/",
      "languageVersion": "2.18"
    },
    {
      "name": "connectivity_plus_platform_interface",
      "rootUri": "file:///C:/Users/User/AppData/Local/Pub/Cache/hosted/pub.dev/connectivity_plus_platform_interface-1.2.4",
      "packageUri": "lib/",
      "languageVersion": "2.12"
    },
    {
      "name": "cross_file",
      "rootUri": "file:///C:/Users/User/AppData/Local/Pub/Cache/hosted/pub.dev/cross_file-0.3.4+2",
      "packageUri": "lib/",
      "languageVersion": "3.3"
    },
    {
      "name": "crypto",
      "rootUri": "file:///C:/Users/User/AppData/Local/Pub/Cache/hosted/pub.dev/crypto-3.0.6",
      "packageUri": "lib/",
      "languageVersion": "3.4"
    },
    {
      "name": "cupertino_icons",
      "rootUri": "file:///C:/Users/User/AppData/Local/Pub/Cache/hosted/pub.dev/cupertino_icons-1.0.8",
      "packageUri": "lib/",
      "languageVersion": "3.1"
    },
    {
      "name": "dbus",
      "rootUri": "file:///C:/Users/User/AppData/Local/Pub/Cache/hosted/pub.dev/dbus-0.7.11",
      "packageUri": "lib/",
      "languageVersion": "2.17"
    },
    {
      "name": "dio",
      "rootUri": "file:///C:/Users/User/AppData/Local/Pub/Cache/hosted/pub.dev/dio-5.9.0",
      "packageUri": "lib/",
      "languageVersion": "2.18"
    },
    {
      "name": "dio_web_adapter",
      "rootUri": "file:///C:/Users/User/AppData/Local/Pub/Cache/hosted/pub.dev/dio_web_adapter-2.1.1",
      "packageUri": "lib/",
      "languageVersion": "3.3"
    },
    {
      "name": "fake_async",
      "rootUri": "file:///C:/Users/User/AppData/Local/Pub/Cache/hosted/pub.dev/fake_async-1.3.3",
      "packageUri": "lib/",
      "languageVersion": "3.3"
    },
    {
      "name": "ffi",
      "rootUri": "file:///C:/Users/User/AppData/Local/Pub/Cache/hosted/pub.dev/ffi-2.1.4",
      "packageUri": "lib/",
      "languageVersion": "3.7"
    },
    {
      "name": "file",
      "rootUri": "file:///C:/Users/User/AppData/Local/Pub/Cache/hosted/pub.dev/file-7.0.1",
      "packageUri": "lib/",
      "languageVersion": "3.0"
    },
    {
      "name": "file_picker",
      "rootUri": "file:///C:/Users/User/AppData/Local/Pub/Cache/hosted/pub.dev/file_picker-6.2.1",
      "packageUri": "lib/",
      "languageVersion": "2.19"
    },
    {
      "name": "file_selector_linux",
      "rootUri": "file:///C:/Users/User/AppData/Local/Pub/Cache/hosted/pub.dev/file_selector_linux-0.9.3+2",
      "packageUri": "lib/",
      "languageVersion": "3.3"
    },
    {
      "name": "file_selector_macos",
      "rootUri": "file:///C:/Users/User/AppData/Local/Pub/Cache/hosted/pub.dev/file_selector_macos-0.9.4+4",
      "packageUri": "lib/",
      "languageVersion": "3.7"
    },
    {
      "name": "file_selector_platform_interface",
      "rootUri": "file:///C:/Users/User/AppData/Local/Pub/Cache/hosted/pub.dev/file_selector_platform_interface-2.6.2",
      "packageUri": "lib/",
      "languageVersion": "3.0"
    },
    {
      "name": "file_selector_windows",
      "rootUri": "file:///C:/Users/User/AppData/Local/Pub/Cache/hosted/pub.dev/file_selector_windows-0.9.3+4",
      "packageUri": "lib/",
      "languageVersion": "3.4"
    },
    {
      "name": "firebase_analytics",
      "rootUri": "file:///C:/Users/User/AppData/Local/Pub/Cache/hosted/pub.dev/firebase_analytics-10.10.7",
      "packageUri": "lib/",
      "languageVersion": "2.18"
    },
    {
      "name": "firebase_analytics_platform_interface",
      "rootUri": "file:///C:/Users/User/AppData/Local/Pub/Cache/hosted/pub.dev/firebase_analytics_platform_interface-3.10.8",
      "packageUri": "lib/",
      "languageVersion": "2.18"
    },
    {
      "name": "firebase_analytics_web",
      "rootUri": "file:///C:/Users/User/AppData/Local/Pub/Cache/hosted/pub.dev/firebase_analytics_web-0.5.7+7",
      "packageUri": "lib/",
      "languageVersion": "3.2"
    },
    {
      "name": "firebase_auth",
      "rootUri": "file:///C:/Users/User/AppData/Local/Pub/Cache/hosted/pub.dev/firebase_auth-4.16.0",
      "packageUri": "lib/",
      "languageVersion": "2.18"
    },
    {
      "name": "firebase_auth_platform_interface",
      "rootUri": "file:///C:/Users/User/AppData/Local/Pub/Cache/hosted/pub.dev/firebase_auth_platform_interface-7.3.0",
      "packageUri": "lib/",
      "languageVersion": "3.2"
    },
    {
      "name": "firebase_auth_web",
      "rootUri": "file:///C:/Users/User/AppData/Local/Pub/Cache/hosted/pub.dev/firebase_auth_web-5.8.13",
      "packageUri": "lib/",
      "languageVersion": "2.18"
    },
    {
      "name": "firebase_core",
      "rootUri": "file:///C:/Users/User/AppData/Local/Pub/Cache/hosted/pub.dev/firebase_core-2.32.0",
      "packageUri": "lib/",
      "languageVersion": "2.18"
    },
    {
      "name": "firebase_core_platform_interface",
      "rootUri": "file:///C:/Users/User/AppData/Local/Pub/Cache/hosted/pub.dev/firebase_core_platform_interface-5.4.2",
      "packageUri": "lib/",
      "languageVersion": "3.2"
    },
    {
      "name": "firebase_core_web",
      "rootUri": "file:///C:/Users/User/AppData/Local/Pub/Cache/hosted/pub.dev/firebase_core_web-2.24.0",
      "packageUri": "lib/",
      "languageVersion": "3.4"
    },
    {
      "name": "firebase_messaging",
      "rootUri": "file:///C:/Users/User/AppData/Local/Pub/Cache/hosted/pub.dev/firebase_messaging-14.7.10",
      "packageUri": "lib/",
      "languageVersion": "2.18"
    },
    {
      "name": "firebase_messaging_platform_interface",
      "rootUri": "file:///C:/Users/User/AppData/Local/Pub/Cache/hosted/pub.dev/firebase_messaging_platform_interface-4.5.37",
      "packageUri": "lib/",
      "languageVersion": "2.18"
    },
    {
      "name": "firebase_messaging_web",
      "rootUri": "file:///C:/Users/User/AppData/Local/Pub/Cache/hosted/pub.dev/firebase_messaging_web-3.5.18",
      "packageUri": "lib/",
      "languageVersion": "2.18"
    },
    {
      "name": "firebase_storage",
      "rootUri": "file:///C:/Users/User/AppData/Local/Pub/Cache/hosted/pub.dev/firebase_storage-11.6.5",
      "packageUri": "lib/",
      "languageVersion": "2.18"
    },
    {
      "name": "firebase_storage_platform_interface",
      "rootUri": "file:///C:/Users/User/AppData/Local/Pub/Cache/hosted/pub.dev/firebase_storage_platform_interface-5.1.22",
      "packageUri": "lib/",
      "languageVersion": "2.18"
    },
    {
      "name": "firebase_storage_web",
      "rootUri": "file:///C:/Users/User/AppData/Local/Pub/Cache/hosted/pub.dev/firebase_storage_web-3.6.22",
      "packageUri": "lib/",
      "languageVersion": "2.18"
    },
    {
      "name": "fixnum",
      "rootUri": "file:///C:/Users/User/AppData/Local/Pub/Cache/hosted/pub.dev/fixnum-1.1.1",
      "packageUri": "lib/",
      "languageVersion": "3.1"
    },
    {
      "name": "flutter",
      "rootUri": "file:///C:/Users/User/Downloads/khono/flutter/packages/flutter",
      "packageUri": "lib/",
      "languageVersion": "3.8"
    },
    {
      "name": "flutter_animate",
      "rootUri": "file:///C:/Users/User/AppData/Local/Pub/Cache/hosted/pub.dev/flutter_animate-4.5.0",
      "packageUri": "lib/",
      "languageVersion": "2.17"
    },
    {
      "name": "flutter_cache_manager",
      "rootUri": "file:///C:/Users/User/AppData/Local/Pub/Cache/hosted/pub.dev/flutter_cache_manager-3.4.1",
      "packageUri": "lib/",
      "languageVersion": "3.0"
    },
    {
      "name": "flutter_lints",
      "rootUri": "file:///C:/Users/User/AppData/Local/Pub/Cache/hosted/pub.dev/flutter_lints-4.0.0",
      "packageUri": "lib/",
      "languageVersion": "3.1"
    },
    {
      "name": "flutter_localizations",
      "rootUri": "file:///C:/Users/User/Downloads/khono/flutter/packages/flutter_localizations",
      "packageUri": "lib/",
      "languageVersion": "3.8"
    },
    {
      "name": "flutter_plugin_android_lifecycle",
      "rootUri": "file:///C:/Users/User/AppData/Local/Pub/Cache/hosted/pub.dev/flutter_plugin_android_lifecycle-2.0.30",
      "packageUri": "lib/",
      "languageVersion": "3.7"
    },
    {
      "name": "flutter_riverpod",
      "rootUri": "file:///C:/Users/User/AppData/Local/Pub/Cache/hosted/pub.dev/flutter_riverpod-2.6.1",
      "packageUri": "lib/",
      "languageVersion": "2.17"
    },
    {
      "name": "flutter_shaders",
      "rootUri": "file:///C:/Users/User/AppData/Local/Pub/Cache/hosted/pub.dev/flutter_shaders-0.1.3",
      "packageUri": "lib/",
      "languageVersion": "2.19"
    },
    {
      "name": "flutter_test",
      "rootUri": "file:///C:/Users/User/Downloads/khono/flutter/packages/flutter_test",
      "packageUri": "lib/",
      "languageVersion": "3.8"
    },
    {
      "name": "flutter_web_plugins",
      "rootUri": "file:///C:/Users/User/Downloads/khono/flutter/packages/flutter_web_plugins",
      "packageUri": "lib/",
      "languageVersion": "3.8"
    },
    {
      "name": "font_awesome_flutter",
      "rootUri": "file:///C:/Users/User/AppData/Local/Pub/Cache/hosted/pub.dev/font_awesome_flutter-10.7.0",
      "packageUri": "lib/",
      "languageVersion": "3.0"
    },
    {
      "name": "from_css_color",
      "rootUri": "file:///C:/Users/User/AppData/Local/Pub/Cache/hosted/pub.dev/from_css_color-2.0.0",
      "packageUri": "lib/",
      "languageVersion": "2.12"
    },
    {
      "name": "go_router",
      "rootUri": "file:///C:/Users/User/AppData/Local/Pub/Cache/hosted/pub.dev/go_router-12.1.3",
      "packageUri": "lib/",
      "languageVersion": "3.0"
    },
    {
      "name": "google_fonts",
      "rootUri": "file:///C:/Users/User/AppData/Local/Pub/Cache/hosted/pub.dev/google_fonts-6.1.0",
      "packageUri": "lib/",
      "languageVersion": "2.14"
    },
    {
      "name": "http",
      "rootUri": "file:///C:/Users/User/AppData/Local/Pub/Cache/hosted/pub.dev/http-1.4.0",
      "packageUri": "lib/",
      "languageVersion": "3.4"
    },
    {
      "name": "http_parser",
      "rootUri": "file:///C:/Users/User/AppData/Local/Pub/Cache/hosted/pub.dev/http_parser-4.1.2",
      "packageUri": "lib/",
      "languageVersion": "3.4"
    },
    {
      "name": "image_picker",
      "rootUri": "file:///C:/Users/User/AppData/Local/Pub/Cache/hosted/pub.dev/image_picker-1.2.0",
      "packageUri": "lib/",
      "languageVersion": "3.6"
    },
    {
      "name": "image_picker_android",
      "rootUri": "file:///C:/Users/User/AppData/Local/Pub/Cache/hosted/pub.dev/image_picker_android-0.8.13+1",
      "packageUri": "lib/",
      "languageVersion": "3.7"
    },
    {
      "name": "image_picker_for_web",
      "rootUri": "file:///C:/Users/User/AppData/Local/Pub/Cache/hosted/pub.dev/image_picker_for_web-3.1.0",
      "packageUri": "lib/",
      "languageVersion": "3.6"
    },
    {
      "name": "image_picker_ios",
      "rootUri": "file:///C:/Users/User/AppData/Local/Pub/Cache/hosted/pub.dev/image_picker_ios-0.8.13",
      "packageUri": "lib/",
      "languageVersion": "3.6"
    },
    {
      "name": "image_picker_linux",
      "rootUri": "file:///C:/Users/User/AppData/Local/Pub/Cache/hosted/pub.dev/image_picker_linux-0.2.2",
      "packageUri": "lib/",
      "languageVersion": "3.6"
    },
    {
      "name": "image_picker_macos",
      "rootUri": "file:///C:/Users/User/AppData/Local/Pub/Cache/hosted/pub.dev/image_picker_macos-0.2.2",
      "packageUri": "lib/",
      "languageVersion": "3.6"
    },
    {
      "name": "image_picker_platform_interface",
      "rootUri": "file:///C:/Users/User/AppData/Local/Pub/Cache/hosted/pub.dev/image_picker_platform_interface-2.11.0",
      "packageUri": "lib/",
      "languageVersion": "3.6"
    },
    {
      "name": "image_picker_windows",
      "rootUri": "file:///C:/Users/User/AppData/Local/Pub/Cache/hosted/pub.dev/image_picker_windows-0.2.2",
      "packageUri": "lib/",
      "languageVersion": "3.6"
    },
    {
      "name": "intl",
      "rootUri": "file:///C:/Users/User/AppData/Local/Pub/Cache/hosted/pub.dev/intl-0.20.2",
      "packageUri": "lib/",
      "languageVersion": "3.3"
    },
    {
      "name": "iregexp",
      "rootUri": "file:///C:/Users/User/AppData/Local/Pub/Cache/hosted/pub.dev/iregexp-0.1.2",
      "packageUri": "lib/",
      "languageVersion": "3.0"
    },
    {
      "name": "js",
      "rootUri": "file:///C:/Users/User/AppData/Local/Pub/Cache/hosted/pub.dev/js-0.6.7",
      "packageUri": "lib/",
      "languageVersion": "2.19"
    },
    {
      "name": "json_path",
      "rootUri": "file:///C:/Users/User/AppData/Local/Pub/Cache/hosted/pub.dev/json_path-0.7.2",
      "packageUri": "lib/",
      "languageVersion": "3.0"
    },
    {
      "name": "leak_tracker",
      "rootUri": "file:///C:/Users/User/AppData/Local/Pub/Cache/hosted/pub.dev/leak_tracker-11.0.1",
      "packageUri": "lib/",
      "languageVersion": "3.2"
    },
    {
      "name": "leak_tracker_flutter_testing",
      "rootUri": "file:///C:/Users/User/AppData/Local/Pub/Cache/hosted/pub.dev/leak_tracker_flutter_testing-3.0.10",
      "packageUri": "lib/",
      "languageVersion": "3.2"
    },
    {
      "name": "leak_tracker_testing",
      "rootUri": "file:///C:/Users/User/AppData/Local/Pub/Cache/hosted/pub.dev/leak_tracker_testing-3.0.2",
      "packageUri": "lib/",
      "languageVersion": "3.2"
    },
    {
      "name": "lints",
      "rootUri": "file:///C:/Users/User/AppData/Local/Pub/Cache/hosted/pub.dev/lints-4.0.0",
      "packageUri": "lib/",
      "languageVersion": "3.1"
    },
    {
      "name": "logging",
      "rootUri": "file:///C:/Users/User/AppData/Local/Pub/Cache/hosted/pub.dev/logging-1.3.0",
      "packageUri": "lib/",
      "languageVersion": "3.4"
    },
    {
      "name": "matcher",
      "rootUri": "file:///C:/Users/User/AppData/Local/Pub/Cache/hosted/pub.dev/matcher-0.12.17",
      "packageUri": "lib/",
      "languageVersion": "3.4"
    },
    {
      "name": "material_color_utilities",
      "rootUri": "file:///C:/Users/User/AppData/Local/Pub/Cache/hosted/pub.dev/material_color_utilities-0.11.1",
      "packageUri": "lib/",
      "languageVersion": "2.17"
    },
    {
      "name": "maybe_just_nothing",
      "rootUri": "file:///C:/Users/User/AppData/Local/Pub/Cache/hosted/pub.dev/maybe_just_nothing-0.5.3",
      "packageUri": "lib/",
      "languageVersion": "2.12"
    },
    {
      "name": "meta",
      "rootUri": "file:///C:/Users/User/AppData/Local/Pub/Cache/hosted/pub.dev/meta-1.16.0",
      "packageUri": "lib/",
      "languageVersion": "2.12"
    },
    {
      "name": "mime",
      "rootUri": "file:///C:/Users/User/AppData/Local/Pub/Cache/hosted/pub.dev/mime-2.0.0",
      "packageUri": "lib/",
      "languageVersion": "3.2"
    },
    {
      "name": "nested",
      "rootUri": "file:///C:/Users/User/AppData/Local/Pub/Cache/hosted/pub.dev/nested-1.0.0",
      "packageUri": "lib/",
      "languageVersion": "2.12"
    },
    {
      "name": "nm",
      "rootUri": "file:///C:/Users/User/AppData/Local/Pub/Cache/hosted/pub.dev/nm-0.5.0",
      "packageUri": "lib/",
      "languageVersion": "2.12"
    },
    {
      "name": "octo_image",
      "rootUri": "file:///C:/Users/User/AppData/Local/Pub/Cache/hosted/pub.dev/octo_image-2.1.0",
      "packageUri": "lib/",
      "languageVersion": "3.0"
    },
    {
      "name": "page_transition",
      "rootUri": "file:///C:/Users/User/AppData/Local/Pub/Cache/hosted/pub.dev/page_transition-2.1.0",
      "packageUri": "lib/",
      "languageVersion": "2.17"
    },
    {
      "name": "path",
      "rootUri": "file:///C:/Users/User/AppData/Local/Pub/Cache/hosted/pub.dev/path-1.9.1",
      "packageUri": "lib/",
      "languageVersion": "3.4"
    },
    {
      "name": "path_provider",
      "rootUri": "file:///C:/Users/User/AppData/Local/Pub/Cache/hosted/pub.dev/path_provider-2.1.4",
      "packageUri": "lib/",
      "languageVersion": "3.2"
    },
    {
      "name": "path_provider_android",
      "rootUri": "file:///C:/Users/User/AppData/Local/Pub/Cache/hosted/pub.dev/path_provider_android-2.2.10",
      "packageUri": "lib/",
      "languageVersion": "3.4"
    },
    {
      "name": "path_provider_foundation",
      "rootUri": "file:///C:/Users/User/AppData/Local/Pub/Cache/hosted/pub.dev/path_provider_foundation-2.4.0",
      "packageUri": "lib/",
      "languageVersion": "3.2"
    },
    {
      "name": "path_provider_linux",
      "rootUri": "file:///C:/Users/User/AppData/Local/Pub/Cache/hosted/pub.dev/path_provider_linux-2.2.1",
      "packageUri": "lib/",
      "languageVersion": "2.19"
    },
    {
      "name": "path_provider_platform_interface",
      "rootUri": "file:///C:/Users/User/AppData/Local/Pub/Cache/hosted/pub.dev/path_provider_platform_interface-2.1.2",
      "packageUri": "lib/",
      "languageVersion": "3.0"
    },
    {
      "name": "path_provider_windows",
      "rootUri": "file:///C:/Users/User/AppData/Local/Pub/Cache/hosted/pub.dev/path_provider_windows-2.3.0",
      "packageUri": "lib/",
      "languageVersion": "3.2"
    },
    {
      "name": "permission_handler",
      "rootUri": "file:///C:/Users/User/AppData/Local/Pub/Cache/hosted/pub.dev/permission_handler-11.4.0",
      "packageUri": "lib/",
      "languageVersion": "3.5"
    },
    {
      "name": "permission_handler_android",
      "rootUri": "file:///C:/Users/User/AppData/Local/Pub/Cache/hosted/pub.dev/permission_handler_android-12.1.0",
      "packageUri": "lib/",
      "languageVersion": "3.5"
    },
    {
      "name": "permission_handler_apple",
      "rootUri": "file:///C:/Users/User/AppData/Local/Pub/Cache/hosted/pub.dev/permission_handler_apple-9.4.7",
      "packageUri": "lib/",
      "languageVersion": "2.18"
    },
    {
      "name": "permission_handler_html",
      "rootUri": "file:///C:/Users/User/AppData/Local/Pub/Cache/hosted/pub.dev/permission_handler_html-0.1.3+5",
      "packageUri": "lib/",
      "languageVersion": "3.3"
    },
    {
      "name": "permission_handler_platform_interface",
      "rootUri": "file:///C:/Users/User/AppData/Local/Pub/Cache/hosted/pub.dev/permission_handler_platform_interface-4.3.0",
      "packageUri": "lib/",
      "languageVersion": "3.5"
    },
    {
      "name": "permission_handler_windows",
      "rootUri": "file:///C:/Users/User/AppData/Local/Pub/Cache/hosted/pub.dev/permission_handler_windows-0.2.1",
      "packageUri": "lib/",
      "languageVersion": "2.12"
    },
    {
      "name": "petitparser",
      "rootUri": "file:///C:/Users/User/AppData/Local/Pub/Cache/hosted/pub.dev/petitparser-6.1.0",
      "packageUri": "lib/",
      "languageVersion": "3.5"
    },
    {
      "name": "platform",
      "rootUri": "file:///C:/Users/User/AppData/Local/Pub/Cache/hosted/pub.dev/platform-3.1.6",
      "packageUri": "lib/",
      "languageVersion": "3.2"
    },
    {
      "name": "plugin_platform_interface",
      "rootUri": "file:///C:/Users/User/AppData/Local/Pub/Cache/hosted/pub.dev/plugin_platform_interface-2.1.8",
      "packageUri": "lib/",
      "languageVersion": "3.0"
    },
    {
      "name": "provider",
      "rootUri": "file:///C:/Users/User/AppData/Local/Pub/Cache/hosted/pub.dev/provider-6.1.5",
      "packageUri": "lib/",
      "languageVersion": "2.12"
    },
    {
      "name": "rfc_6901",
      "rootUri": "file:///C:/Users/User/AppData/Local/Pub/Cache/hosted/pub.dev/rfc_6901-0.2.0",
      "packageUri": "lib/",
      "languageVersion": "3.0"
    },
    {
      "name": "riverpod",
      "rootUri": "file:///C:/Users/User/AppData/Local/Pub/Cache/hosted/pub.dev/riverpod-2.6.1",
      "packageUri": "lib/",
      "languageVersion": "2.17"
    },
    {
      "name": "rxdart",
      "rootUri": "file:///C:/Users/User/AppData/Local/Pub/Cache/hosted/pub.dev/rxdart-0.28.0",
      "packageUri": "lib/",
      "languageVersion": "2.12"
    },
    {
      "name": "shared_preferences",
      "rootUri": "file:///C:/Users/User/AppData/Local/Pub/Cache/hosted/pub.dev/shared_preferences-2.5.3",
      "packageUri": "lib/",
      "languageVersion": "3.5"
    },
    {
      "name": "shared_preferences_android",
      "rootUri": "file:///C:/Users/User/AppData/Local/Pub/Cache/hosted/pub.dev/shared_preferences_android-2.4.10",
      "packageUri": "lib/",
      "languageVersion": "3.6"
    },
    {
      "name": "shared_preferences_foundation",
      "rootUri": "file:///C:/Users/User/AppData/Local/Pub/Cache/hosted/pub.dev/shared_preferences_foundation-2.5.4",
      "packageUri": "lib/",
      "languageVersion": "3.4"
    },
    {
      "name": "shared_preferences_linux",
      "rootUri": "file:///C:/Users/User/AppData/Local/Pub/Cache/hosted/pub.dev/shared_preferences_linux-2.4.1",
      "packageUri": "lib/",
      "languageVersion": "3.3"
    },
    {
      "name": "shared_preferences_platform_interface",
      "rootUri": "file:///C:/Users/User/AppData/Local/Pub/Cache/hosted/pub.dev/shared_preferences_platform_interface-2.4.1",
      "packageUri": "lib/",
      "languageVersion": "3.2"
    },
    {
      "name": "shared_preferences_web",
      "rootUri": "file:///C:/Users/User/AppData/Local/Pub/Cache/hosted/pub.dev/shared_preferences_web-2.4.3",
      "packageUri": "lib/",
      "languageVersion": "3.4"
    },
    {
      "name": "shared_preferences_windows",
      "rootUri": "file:///C:/Users/User/AppData/Local/Pub/Cache/hosted/pub.dev/shared_preferences_windows-2.4.1",
      "packageUri": "lib/",
      "languageVersion": "3.3"
    },
    {
      "name": "sky_engine",
      "rootUri": "file:///C:/Users/User/Downloads/khono/flutter/bin/cache/pkg/sky_engine",
      "packageUri": "lib/",
      "languageVersion": "3.8"
    },
    {
      "name": "source_span",
      "rootUri": "file:///C:/Users/User/AppData/Local/Pub/Cache/hosted/pub.dev/source_span-1.10.1",
      "packageUri": "lib/",
      "languageVersion": "3.1"
    },
    {
      "name": "sprintf",
      "rootUri": "file:///C:/Users/User/AppData/Local/Pub/Cache/hosted/pub.dev/sprintf-7.0.0",
      "packageUri": "lib/",
      "languageVersion": "2.12"
    },
    {
      "name": "sqflite",
      "rootUri": "file:///C:/Users/User/AppData/Local/Pub/Cache/hosted/pub.dev/sqflite-2.3.3+1",
      "packageUri": "lib/",
      "languageVersion": "3.3"
    },
    {
      "name": "sqflite_common",
      "rootUri": "file:///C:/Users/User/AppData/Local/Pub/Cache/hosted/pub.dev/sqflite_common-2.5.4+3",
      "packageUri": "lib/",
      "languageVersion": "3.5"
    },
    {
      "name": "stack_trace",
      "rootUri": "file:///C:/Users/User/AppData/Local/Pub/Cache/hosted/pub.dev/stack_trace-1.12.1",
      "packageUri": "lib/",
      "languageVersion": "3.4"
    },
    {
      "name": "state_notifier",
      "rootUri": "file:///C:/Users/User/AppData/Local/Pub/Cache/hosted/pub.dev/state_notifier-1.0.0",
      "packageUri": "lib/",
      "languageVersion": "2.12"
    },
    {
      "name": "stream_channel",
      "rootUri": "file:///C:/Users/User/AppData/Local/Pub/Cache/hosted/pub.dev/stream_channel-2.1.4",
      "packageUri": "lib/",
      "languageVersion": "3.3"
    },
    {
      "name": "string_scanner",
      "rootUri": "file:///C:/Users/User/AppData/Local/Pub/Cache/hosted/pub.dev/string_scanner-1.4.1",
      "packageUri": "lib/",
      "languageVersion": "3.1"
    },
    {
      "name": "synchronized",
      "rootUri": "file:///C:/Users/User/AppData/Local/Pub/Cache/hosted/pub.dev/synchronized-3.4.0",
      "packageUri": "lib/",
      "languageVersion": "3.8"
    },
    {
      "name": "term_glyph",
      "rootUri": "file:///C:/Users/User/AppData/Local/Pub/Cache/hosted/pub.dev/term_glyph-1.2.2",
      "packageUri": "lib/",
      "languageVersion": "3.1"
    },
    {
      "name": "test_api",
      "rootUri": "file:///C:/Users/User/AppData/Local/Pub/Cache/hosted/pub.dev/test_api-0.7.6",
      "packageUri": "lib/",
      "languageVersion": "3.5"
    },
    {
      "name": "timeago",
      "rootUri": "file:///C:/Users/User/AppData/Local/Pub/Cache/hosted/pub.dev/timeago-3.7.1",
      "packageUri": "lib/",
      "languageVersion": "2.12"
    },
    {
      "name": "typed_data",
      "rootUri": "file:///C:/Users/User/AppData/Local/Pub/Cache/hosted/pub.dev/typed_data-1.4.0",
      "packageUri": "lib/",
      "languageVersion": "3.5"
    },
    {
      "name": "url_launcher",
      "rootUri": "file:///C:/Users/User/AppData/Local/Pub/Cache/hosted/pub.dev/url_launcher-6.3.1",
      "packageUri": "lib/",
      "languageVersion": "3.3"
    },
    {
      "name": "url_launcher_android",
      "rootUri": "file:///C:/Users/User/AppData/Local/Pub/Cache/hosted/pub.dev/url_launcher_android-6.3.16",
      "packageUri": "lib/",
      "languageVersion": "3.6"
    },
    {
      "name": "url_launcher_ios",
      "rootUri": "file:///C:/Users/User/AppData/Local/Pub/Cache/hosted/pub.dev/url_launcher_ios-6.3.3",
      "packageUri": "lib/",
      "languageVersion": "3.4"
    },
    {
      "name": "url_launcher_linux",
      "rootUri": "file:///C:/Users/User/AppData/Local/Pub/Cache/hosted/pub.dev/url_launcher_linux-3.2.1",
      "packageUri": "lib/",
      "languageVersion": "3.3"
    },
    {
      "name": "url_launcher_macos",
      "rootUri": "file:///C:/Users/User/AppData/Local/Pub/Cache/hosted/pub.dev/url_launcher_macos-3.2.2",
      "packageUri": "lib/",
      "languageVersion": "3.3"
    },
    {
      "name": "url_launcher_platform_interface",
      "rootUri": "file:///C:/Users/User/AppData/Local/Pub/Cache/hosted/pub.dev/url_launcher_platform_interface-2.3.2",
      "packageUri": "lib/",
      "languageVersion": "3.1"
    },
    {
      "name": "url_launcher_web",
      "rootUri": "file:///C:/Users/User/AppData/Local/Pub/Cache/hosted/pub.dev/url_launcher_web-2.4.1",
      "packageUri": "lib/",
      "languageVersion": "3.6"
    },
    {
      "name": "url_launcher_windows",
      "rootUri": "file:///C:/Users/User/AppData/Local/Pub/Cache/hosted/pub.dev/url_launcher_windows-3.1.4",
      "packageUri": "lib/",
      "languageVersion": "3.4"
    },
    {
      "name": "uuid",
      "rootUri": "file:///C:/Users/User/AppData/Local/Pub/Cache/hosted/pub.dev/uuid-4.5.1",
      "packageUri": "lib/",
      "languageVersion": "3.0"
    },
    {
      "name": "vector_math",
      "rootUri": "file:///C:/Users/User/AppData/Local/Pub/Cache/hosted/pub.dev/vector_math-2.2.0",
      "packageUri": "lib/",
      "languageVersion": "3.1"
    },
    {
      "name": "vm_service",
      "rootUri": "file:///C:/Users/User/AppData/Local/Pub/Cache/hosted/pub.dev/vm_service-15.0.2",
      "packageUri": "lib/",
      "languageVersion": "3.5"
    },
    {
      "name": "web",
      "rootUri": "file:///C:/Users/User/AppData/Local/Pub/Cache/hosted/pub.dev/web-1.1.1",
      "packageUri": "lib/",
      "languageVersion": "3.4"
    },
    {
      "name": "win32",
      "rootUri": "file:///C:/Users/User/AppData/Local/Pub/Cache/hosted/pub.dev/win32-5.14.0",
      "packageUri": "lib/",
      "languageVersion": "3.8"
    },
    {
      "name": "xdg_directories",
      "rootUri": "file:///C:/Users/User/AppData/Local/Pub/Cache/hosted/pub.dev/xdg_directories-1.1.0",
      "packageUri": "lib/",
      "languageVersion": "3.3"
    },
    {
      "name": "xml",
      "rootUri": "file:///C:/Users/User/AppData/Local/Pub/Cache/hosted/pub.dev/xml-6.5.0",
      "packageUri": "lib/",
      "languageVersion": "3.2"
    },
    {
      "name": "khono",
      "rootUri": "../",
      "packageUri": "lib/",
      "languageVersion": "3.0"
    }
  ],
  "generator": "pub",
  "generatorVersion": "3.9.0",
  "flutterRoot": "file:///C:/Users/User/Downloads/khono/flutter",
  "flutterVersion": "3.35.2",
  "pubCache": "file:///C:/Users/User/AppData/Local/Pub/Cache"
}
